Timestamp,RSRP,RSSI,SNR
1555081499.70853,-89.8,-83.1,10.6
1555124702.50526,-87.8,-81.3,12.6
1555167903.11313,-61,-55.1,17.3
1555211110.83958,-68,-61.6,12.2
1555254312.63983,-97.3,-91,13.7
1555297512.78601,-81,-74.9,16.4
1555340717.06551,-94.7,-87.7,10.2
1555383920.01666,-80.9,NaN,NaN
1555427125.92361,-86.1,-80.2,19.2
1555470331.58371,-86.4,-80.5,20.5
1555513540.39819,-86.8,-81,20.9
1555556740.98938,-89.6,-83.7,19.1
1555599944.93132,-89,-83.1,19.3
1555643145.25839,-88.3,-82.5,21.5
1555686345.50306,-87.5,-81.8,21.5
1555729553.34677,-88,-81,21
1555772755.13879,-89.2,-83.4,19.6
1555815957.46218,-88.1,-82.3,20.5
1555859164.1958,-91.5,-85.5,17.5
1555902366.19263,-91.2,-81.7,17.9
1555945570.95994,-89.2,-83.3,18.2
1555988775.36875,-89.5,-79.6,18.8
1556031980.83072,-88.7,-82.8,18.6
1556075181.91242,-89.3,-83.4,18.9
1556118390.3006,-88.8,-83,20.6
1556161596.5775,-89.3,-83.4,19.7
1556204802.75568,-89,-83.2,21.4
1556248008.3052,-83.4,NaN,NaN
1556291215.4089,-89.6,-81.3,18.8
1556334417.81446,-89.2,-83.3,18.7
1556377620.74035,-89.1,-83.2,19.6
1556420826.16566,-87.9,-82.1,21.8
1556464027.70869,-88.5,-82.6,18.1
1556507228.56895,-89.1,-83.1,18
1556550435.65542,-89.3,-83.5,19.6
1556593642.8332,-89.5,-83.6,19.4
1556636844.61311,-87.8,-78.9,18.5
1556680050.00022,-89.5,-83.5,17.1
1556723257.70311,-87,-81,17.6
1556766459.06944,-79.5,NaN,NaN
1556809666.57679,-86,-80.2,21.6
1556852867.5544,-84.8,-79,21.1
1556896075.88638,-86.1,-80.2,21.6
1556939277.42335,-87.7,-81.9,21.5
1556982477.82845,-89.3,-83.4,19.7
1557025679.3424,-91.8,-85.9,18.2
1557068881.74847,-87,-81.2,20.2
1557112086.47895,-87.5,-81.6,18.7
1557155294.40399,-87.3,-81.5,21.3
1557198497.39647,-89.4,-80.4,18.1
1557241704.20906,-87,-81.2,21.8
1557284912.55373,-86.9,-81.1,22
1557328119.46228,-89.1,-83.2,18.4
1557371325.93319,-87.3,-81.4,19
1557414529.78732,-87.4,-81.6,20
1557457730.7808,-89,-83,17.6
1557500933.70924,-87.5,-81.5,17.5
1557544135.28002,-88.4,-82.5,18.8
1557587339.54883,-89.6,-79.3,16.3
1557630540.46294,-93.6,-87.5,15.2
1557673745.41361,-90.1,-84.2,19
1557716947.60809,-88.7,-82.9,21.2
1557760147.78772,-93.6,-87.6,16.7
1557803352.19998,-89.7,-83.8,19.6
1557846559.86813,-87.5,-81.7,19.7
1557889765.51025,-89,-83.1,19.5
1557932974.39712,-87.8,-82,20.2
1557976179.40108,-90.4,-84.4,17
1558019384.0217,-90.7,-84.6,16.7
1558062589.69713,-89.5,-83.6,16.8
1558105798.21176,-89.8,-84,18.8
1558149005.65364,-89.6,-83.6,16.6
1558192211.76419,-87.8,-81.8,16.6
1558235419.59979,-86.8,-80.8,18.1
1558278620.5457,-87.5,-81.5,18.3
1558321823.29139,-86.8,-80.9,17.7
1558365024.7084,-87.1,-81.2,18.8
1558408229.25703,-87.1,-81.2,19.4
1558451435.17044,-88.9,-83,17.4
1558494638.04163,-85.5,-79.7,20.3
1558537845.44212,-88.6,-82.7,18.6
1558581051.42955,-86,-80.1,18.6
1558624255.42021,-85.8,-80,19.1
1558667458.18445,-86.1,-80.3,20.8
1558710663.92971,-86.4,-80.6,20.8
1558753867.95082,-86.4,-80.5,20
1558797072.67668,-86.7,-80.9,21.3
1558840279.53595,-80.2,NaN,NaN
1558883488.26287,-86.5,-80.7,21.7
1558926694.80067,-89.6,-83.8,19.3
1558969903.44191,-91.4,-85.4,17.8
1559013109.14448,-90.5,-84.6,18.6
1559056311.35629,-90,-84.2,20.7
1559099517.61041,-91,-85,16
1559142719.57425,-89.7,-79.6,18.1
1559185925.37916,-90.7,-84.6,15.5
1559229129.73359,-86.3,-80.4,19.7
1559272334.86677,-89.8,-83.7,17.6
1559315543.61694,-87.4,-81.5,19.4
1559358744.58827,-90.7,-84.7,15.5
1559401945.27418,-86.3,-80.4,20.6
1559445149.09504,-89,-83.1,17.6
1559488357.85643,-87.7,-81.9,20.1
1559531559.11379,-90.6,-84.7,17.5
1559574765.27267,-89.1,-83.3,20
1559617971.92084,-92,-85.9,15.8
1559661176.93488,-89.4,-83.5,18.3
1559704385.14198,-92.5,-86.4,15.1
1559747587.44264,-86.7,-80.9,21
1559790795.87803,-89,-82,19.4
1559834000.73104,-88.2,-82.4,18.8
1559877206.03562,-89.3,-83.5,21
1559920414.35935,-87.4,-81.6,20.3
1559963616.77213,-85.9,-80.1,21.3
1560006817.85917,-94.2,-88,13.9
1560050022.48807,-91.4,-85.4,17.5
1560093229.17537,-89.4,-83.5,18.6
1560136434.19122,-89.7,-83.7,18.3
1560179638.35874,-87.8,-81.9,20.3
1560222844.25461,-88.7,-82.9,21.1
1560266051.44179,-87.4,-81.6,21.9
1560309256.2373,-87.8,-81.9,19.5
1560352460.82539,-86.8,-81,21.7
1560395668.92321,-85.6,-79.9,21.9
1560438874.24362,-86.2,-80.4,20.1
1560482074.81496,-87.2,-81.4,21.4
1560525281.80335,-87.9,-81.9,18.9
1560568487.2718,-87.2,-81.4,22.1
1560611695.81353,-88,-82.1,18.4
1560654898.38289,-86.6,-78.9,21.5
1560698107.15373,-87.4,-81.5,20
1560741311.90319,-86.6,-80.8,21.4
1560784519.71242,-86.3,-78.1,20.1
1560827721.35352,-87.1,-81.2,20.8
1560870926.80877,-86.6,-80.8,20.2
1560914132.61533,-86.7,-80.9,21.1
1560957334.55146,-86.3,-80.5,21.3
1561000535.93897,-87.2,-81.4,21.1
1561043740.15937,-86.4,-80.6,21.4
1561086944.79814,-87,-81.2,22.2
1561130149.40746,-87.4,-81.6,21.6
1561173352.81177,-87.6,-77.4,22.2
1561216555.2554,-87.4,-81.6,21.4
1561259760.09876,-81.5,NaN,NaN
1561302964.74905,-87.2,-81.4,22.2
1561346173.70048,-86.2,-80.4,22.3
1561389375.35757,-86.5,-80.8,22
1561432581.72638,-87.6,-81.8,20.6
1561475782.2339,-86.6,-80.8,22.1
1561518989.02833,-87,-81.1,19
1561562191.12353,-86.2,-80.3,22
1561605398.77645,-86.9,-81.1,19.1
1561648599.05012,-87,-81.1,19.7
1561691806.7546,-87.7,-81.9,21.1
1561735008.05291,-87.1,-79.3,20.6
1561778213.12437,-86.7,-80.8,20.1
1561821414.34706,-86,-80.3,22.4
1561864616.89712,-86.2,-80.5,23.6
1561907818.51304,-86.9,-81,21.1
1561951024.29455,-86,-80.3,22.3
1561994231.27346,-85.9,-80.1,22.6
1562037433.96727,-86,-80.1,22.3
1562080639.32965,-86.6,-80.8,21.9
1562123840.14372,-86.1,-80.3,21.7
1562167040.18085,-85.4,-79.7,24.1
1562210242.50553,-86.8,-81,21.7
1562253444.38701,-85.7,-80,23.8
1562296652.43247,-86,-80.2,22.9
1562339858.0042,-85.7,-79.9,23.8
1562383065.92965,-85.8,-79.9,20.2
1562426274.28212,-86.1,-80.3,21.6
1562469477.88587,-85.6,-79.9,23.3
1562512683.53895,-85.2,-79.4,22.6
1562555884.42392,-85.1,-79.3,23.7
1562599087.4516,-86.6,-80.9,22.7
1562642295.10643,-85.8,-80,23.7
1562685503.01253,-86,-77.1,21.7
1562728703.02067,-86.4,-80.6,22.7
1562771904.58145,-86.9,-81.1,21.8
1562815113.13063,-86.7,-76.4,19.4
1562858315.78423,-86.9,-81.1,21.8
1562901524.59646,-86.3,-80.5,21.8
1562944725.18566,-86.5,-80.7,20.5
1562987931.23553,-85.5,-79.7,21.2
1563031139.87567,-86.7,-76.1,21.6
1563074340.35059,-85.8,-80,20.9
1563117545.05984,-86.9,-81.1,21.5
1563160752.84311,-86.6,-80.8,21.9
1563203959.35054,-87.7,-81.8,18.7
1563247167.97322,-86.1,-75.6,19.3
1563290370.583,-87.8,-77.6,18.2
1563333578.10907,-85.9,-80.1,22.1
1563376786.49635,-87.4,-81.5,19
1563419990.79936,-86.4,-80.6,21.6
1563463194.66795,-86.2,-80.3,20.8
1563506397.30129,-87.2,-78.2,19.4
1563549599.8894,-86.6,-80.8,21.6
1563592801.69496,-86.8,-81,21.3
1563636006.13011,-86.7,-80.9,20.9
1563679209.45974,-86.5,-80.6,18.9
1563722412.39948,-85.7,-79.9,21.3
1563765619.07856,-88,-82.1,19.4
1563808821.26497,-86.5,-80.7,21.8
1563852027.56829,-87.9,-77.9,16.4
1563895235.99546,-86.8,-80.9,18.6
1563938439.38465,-87,-81.1,19.6
1563981640.70153,-86.6,-80.7,19.4
1564024846.00804,-86.9,-81,19.1
1564068046.94926,-86.4,-80.6,20.2
1564111250.37509,-86.7,-80.8,18.4
1564154454.11025,-86.7,-80.9,19.6
1564197663.10185,-86.3,-80.4,18.7
1564240866.31607,-87.1,-81.2,18.5
1564284066.80074,-86.9,-77.4,19.9
1564327275.65606,-87.6,-81.7,19.6
1564370483.32882,-87.3,-81.3,17.8
1564413686.63662,-87.7,-81.7,17.7
1564456890.43043,-86.9,-81.1,20.5
1564500091.22707,-87.4,-81.5,20.1
1564543293.97494,-86.9,-81,20.1
1564586498.88212,-87.5,-81.6,19.9
1564629707.41367,-87,-81.1,18.2
1564672913.31432,-88.2,-82.3,19.3
1564716121.4742,-87.4,-81.6,21.1
1564759322.02998,-87.3,-79.1,21.2
1564802528.88468,-87.6,-81.7,19.4
1564845736.10384,-87.1,-81.3,21.2
1564888944.52772,-86.8,-81,20.6
1564932146.76294,-87.1,-81.2,21.5
1564975350.58292,-87.2,-81.3,19.5
1565018557.04993,-87.2,-81.4,19.6
1565061762.78745,-87,-81.2,20.9
1565104971.26379,-86.4,-80.5,19.4
1565148175.95646,-87.1,-81.2,19.8
1565191380.8298,-87.2,-77,18
1565234586.98126,-87.3,-81.3,18.7
1565277788.67842,-86.4,-80.6,22
1565320989.51575,-87.1,-81,19.2
1565364190.47806,-86.5,-80.7,21.1
1565407392.53715,-87.4,-81.5,19.7
1565450593.71098,-87,-79.6,21.8
1565493794.81313,-88,-81,20.1
1565536999.7656,-87.7,-80.6,19.5
1565580203.64024,-87.8,-81.9,18.4
1565623406.2573,-87.5,-81.6,19.2
1565666609.01236,NaN,NaN,NaN
1565709814.82002,-87.7,-81.8,19.1
1565753018.63253,-86.3,-80.6,22.3
1565796224.15599,-87.4,-81.5,21
1565839424.40359,-86.2,-80.3,21.3
1565882629.5123,NaN,NaN,NaN
1565925831.9801,-87,-81.2,21.3
1565969036.52684,-88.1,-82.2,18.6
1566012237.1887,-87.4,-81.5,19.8
1566055440.35967,-88.4,-82.5,20.1
1566098644.51765,-87.9,-79.6,18.7
1566141847.47315,-88.1,-82.2,20.3
1566185049.44376,-87.5,-81.7,22.1
1566228256.72487,-87.8,-82,21.7
1566271459.64053,-86.8,-81,21.7
1566314661.11201,-87.4,-81.5,20.7
1566357867.49004,-87.7,-81.9,20.1
1566401070.86879,-87.4,-81.6,20.4
1566444272.69645,-87.8,-77.6,19.8
1566487481.628,-87.4,-81.6,19.7
1566530688.4293,-87.2,-81.4,19.4
1566573895.35908,-87.5,-81.6,20.3
1566617099.45109,-88.8,-82.9,19.1
1566660302.4971,-88.5,-82.7,20.6
1566703506.39548,-89.8,-82.4,18.6
1566746710.22563,-87.5,-81.7,20.3
1566789919.16924,-88.3,-82.4,19
1566833127.79422,-88.4,-82.5,20.5
1566876335.05035,-88.3,-82.4,18.7
1566919538.37471,-89.1,-83.2,20
1566962739.06088,-89.5,-83.6,20.4
1567005946.36241,-90.5,-84.4,16.8
1567049152.51632,-89.5,-83.4,17.6
1567092355.02921,-89,-83.1,18.8
1567135557.54317,-88.8,-82.9,18.6
1567178762.91386,-89.8,-83.8,18.2
1567221969.12988,-88.8,-82.9,19.7
1567265171.46954,-90,-84.1,19.4
1567308380.3249,-89.7,-83.8,18.3
1567351584.41082,-89.5,-83.5,18
1567394792.26727,-91.1,-80.7,15.9
1567437997.57168,-88.9,-83,19.9
1567481204.50696,-89.5,-83.7,20.1
1567524410.94207,-91.2,-85.2,18.1
1567567613.034,-90.7,-84.7,18.1
1567610814.61953,-91.9,-85.8,15.1
1567654014.95275,-91.8,-85.7,15.3
1567697221.44884,-94.9,-88.7,14.4
1567740426.78741,-90.8,-84.9,17.9
1567783627.95001,-90.8,-83.7,18.6
1567826828.09731,-92.2,-86.2,15.7
1567870032.7971,-91.1,-85,15.7
1567913240.45528,-93.2,-83.1,13.8
1567956441.3096,-92.2,-86.1,15.1
1567999649.51915,-92.5,-86.5,15.9
1568042849.81724,-92.2,-86,14
1568086057.34411,-95.6,-89.5,14.8
1568129264.84986,-95.6,-89.4,13.9
1568172471.4808,-95.4,-89.4,15.9
1568215671.67072,-95.1,-89.1,15.3
1568258876.62753,-95.7,-89.6,15.4
1568302079.74626,-95.3,-89.3,16.3
1568345284.79376,-97.7,-91.4,12.9
1568388489.59508,-95.9,-89.7,14.9
1568431696.94129,-95.6,-89.5,15.5
1568474903.54492,-94.8,-86.4,15.8
1568518110.19371,-96.9,-90.6,13.9
1568561314.4945,-94.3,-88.3,15.9
1568604515.12856,-96,-89.8,15.1
1568647723.05875,-93.6,-87.7,16.8
1568690930.50808,-95.3,-89.2,15.9
1568734131.7964,-95.4,-85.5,13.3
1568777340.6461,-95.8,-89.8,16.2
1568820547.53039,-97.2,-91,13.7
1568863748.99334,-97.9,-91.6,12.7
1568906953.04352,-97.3,-90.9,13.1
1568950158.42556,-100.2,-93.3,10.5
1568993364.22234,-98.5,-92.2,13.1
1569036569.10472,-98,-89.1,11.6
1569079774.38952,-98.6,-92.1,11.7
1569122975.04543,-96.8,-90.5,13.4
1569166176.88789,-98.8,-92.4,12.7
1569209379.684,-98.4,-89.6,12.1
1569252587.89434,-98.6,-92.3,13.1
1569295794.83014,-95.9,-89.8,15.9
1569339001.06996,-99.3,-92.9,12.7
1569382207.85896,-97.9,-91.5,13.2
1569425411.59833,-98.5,-92.2,13.3
1569468620.58104,-97.1,-91,14.9
1569511822.07563,-97.1,-86.9,13.6
1569555024.9932,-97.9,-91.7,13.7
1569598225.30135,-96.6,-90.4,13.9
1569641426.1198,-97.1,-90.9,14.4
1569684627.01525,-95.8,-89.7,14.7
1569727835.10525,-98,-91.7,13.7
1569771040.01244,-96.4,-90.2,14.3
1569814246.10101,-99.3,-91.6,12.2
1569857454.01795,-96.8,-90.6,14.4
1569900661.115,-97.9,-91.7,13.5
1569943864.38379,-96.9,-90.8,14.1
1569987071.8878,-96.6,-90.5,15.2
1570030272.11572,-95.8,-89.8,16.4
1570073475.33417,-98,-91.6,12.5
1570116682.33133,-97.9,-91.5,13.2
1570159884.28881,-97.3,-91.1,14.2
1570203085.56718,-97.3,-91.1,14
1570246285.95182,-98.8,-92.3,11.8
1570289493.66558,-98.1,-89.5,12.3
1570332694.55374,-96.6,-90.5,14.9
1570375899.42506,-99.2,-92.6,11.6
1570419107.55452,-96.8,-90.6,13.8
1570462309.64885,-101.6,-90.5,8.4
1570505514.36122,-96.1,-89.9,13.7
1570548714.77905,-99.1,-92.6,11.7
1570591922.40565,-97.3,-91.1,13.6
1570635124.02117,-99.4,-92.7,10.6
1570678328.10668,NaN,NaN,NaN
1570721532.77318,-99.8,-89.6,10.8
1570764735.75167,-99.7,-93,10.9
1570807943.62153,-100,-93.4,11.6
1570851149.70553,-99.3,-92.7,11.5
1570894356.53477,-102.3,-94.9,8.5
1570937556.97504,-99.5,-92.8,10.7
1570980764.55661,-103.8,-96.5,8.7
1571023969.54081,-100.4,-93.6,10.7
1571067177.15957,-101.8,-94.5,8.7
1571110383.69083,-103.1,-94.6,8.1
1571153589.87803,-99.5,-93,12.2
1571196790.43619,-99.5,-93,11.7
1571239998.7814,-98.9,-92.4,11.8
1571283204.99216,-100.5,-90.6,10.6
1571326411.94145,-98.2,-91.9,13.8
1571369612.29213,-100.6,-93.8,10.5
1571412818.2262,-101,-90.9,9.6
1571456021.31182,-100.3,-93.8,11.8
1571499224.05144,-99.7,-89.2,10.9
1571542431.2792,-100.1,-93.4,10.9
1571585632.46435,-101.1,-94.1,9.2
1571628839.16499,-100.2,-93.6,11.1
1571672041.54458,-101.4,-94.5,10.3
1571715244.01694,-99.6,-93.2,12.6
1571758447.22703,-100.5,-93.9,11.8
1571801650.58065,-99,-92.7,12.4
1571844850.87766,-99.8,-90,12
1571888055.33171,-99.1,-92.7,12.4
1571931257.26201,-99.2,-92.7,12.7
1571974458.96669,-99.4,-92.9,12.2
1572017661.31975,-99.3,-92.9,13
1572060865.21118,-99.4,-92.9,11.6
1572104071.7243,-101.2,-94.3,10.2
1572147273.9595,-99.9,-93.4,11.8
1572190474.1859,-100.3,-93.8,11.8
1572233678.9688,-99.6,-93.1,11.6
1572276886.79773,-101.4,-94.6,10.8
1572320090.19548,-102.1,-95.1,9.2
1572363293.04289,-101.5,-91.2,7.4
1572406496.12067,-100.1,-93.3,10.3
1572449703.84345,-98.3,-92.1,14.1
1572492904.89881,-100.5,-90.7,9.7
1572536109.26607,-98.7,-92.4,13.1
1572579318.16379,-100.3,-93.7,11.1
1572622521.84383,-100,-93.5,11.5
1572665726.0801,-99.3,-92.8,12.1
1572708932.405,-99.3,-92.8,12.1
1572752136.20096,-98.9,-92.6,13.4
1572795342.21813,-100.7,-94,11.1
1572838547.75115,-99.9,-93.4,12.3
1572881756.16461,-100.6,-94,11
1572924956.30953,-99.3,-89,12.6
1572968161.48176,-100.4,-93.6,10.6
1573011366.61098,-100.8,-90.7,9.4
1573054567.82398,-100.1,-93.5,10.9
1573097775.07924,-100.8,-93.8,9.7
1573140975.81215,-103,-95.5,7.5
1573184181.99837,-100.3,-93.4,9.9
1573227389.53948,-98.9,-92.6,13
1573270596.67159,-99,-92.4,11.6
1573313802.16902,-100.9,-94.1,10.8
1573357009.18578,-97.4,-91.2,14.3
1573400210.882,-100.2,-90.5,11.1
1573443410.92363,-104.1,-96.5,7.7
1573486615.47486,-99.8,-89.8,11.9
1573529819.86258,-100.9,-94.1,10.6
1573573028.16754,-99.3,-90.2,11.3
1573616234.42647,-97.9,-91.8,14.6
1573659435.63022,-96.8,-90.7,15.1
1573702638.64611,-98,-91.8,13.9
1573745847.22029,-100.7,-94,10.5
1573789050.83987,-98.7,-92.2,12.4
1573832254.55824,-100.1,-91,11.3
1573875462.10932,-99.7,-93.3,12.1
1573918666.74699,-97.6,-91.4,13.5
1573961871.11185,-98.2,-91.9,13.5
1574005073.09293,-96.5,-90.3,14.7
1574048273.80068,-102,-92,10.9
1574091476.16375,-97.3,-91.1,14.1
1574134679.73965,-102.3,-95.3,9.6
1574177881.69577,-97.1,-90.9,13.9
1574221088.3698,-98.9,-92.5,11.9
1574264295.28677,-100.4,-93.6,10.2
1574307495.38775,-100.3,-93.7,11
1574350700.8946,-100.9,-94.1,10.8
1574393905.26193,-97.9,-91.7,14.1
1574437114.12949,-100.2,-93.7,11.9
1574480317.84359,-99.6,-93.2,12.2
1574523518.61687,-101,-94.4,11.3
1574566727.45999,-98.7,-92.4,13.1
1574609929.54178,-100.9,-94.2,11.3
1574653135.50068,-97.8,-91.6,13.9
1574696340.10183,-95,-89,16.6
1574739545.91204,-94.6,-88.5,15.7
1574782750.60987,-94.9,-89,16.8
1574825953.54583,-94,-88,16.7
1574869160.33995,-93.6,-87.7,17.4
1574912367.37414,-93.4,-84.7,16.5
1574955575.76604,-94,-87.9,16.2
1574998781.2977,-70.7,-64.9,25
1575041988.19861,-95.1,-87.9,9.4
1575085192.97595,-86.9,-79.2,12.2
1575128393.4079,-96.6,-88.6,6.9
1575171593.92371,-88,-81.3,10.4
1575214797.93468,-96.9,-88.9,6.9
1575258004.95876,-85.1,-78.6,11.6
1575301208.21544,-102.5,-92.7,2.9
1575344410.71573,-103.9,-93.3,1.9
1575387614.29034,-104.7,-92.7,1.1
1575430814.55098,-106.4,-92.7,0
1575474023.15141,-105.6,-94,0.6
1575517226.01509,-112.8,-95.8,-7.2
1575560434.70345,-97.1,-89.9,9.1
1575603634.82121,-101.5,-92.6,4.7
1575646838.27198,-90.6,-81.1,13.6
1575690039.64315,-80.8,-71.8,3.4
1575733240.18238,-82.3,-73.6,4.6
1575776441.7542,-82.6,-72.4,3.6
1575819645.14934,-81.8,-72.7,5.2
1575862850.64336,-82.2,-73,3.2
1575906057.82351,-62.3,-55.7,11
1575949263.23563,-60.5,-52.5,6.8
1575992469.10436,-63.5,-54,10.3
1576035674.62914,-63,-52.1,3.1
1576078883.51593,-63,-54.3,4.8
1576122086.42883,-59.8,-51.9,6.4
1576165295.33708,-63.4,-55.4,6.1
1576208503.34266,-55.6,-48.1,13.3
1576251711.52077,-55.4,-48.7,10.5
1576294913.75712,-54.4,-47.8,12.5
1576338114.35898,-55.5,-48.2,9.3
1576381319.54834,-55.5,-48.7,10.8
1576424526.71834,-56.2,-45.6,11.3
1576467731.36417,-55.3,-48.7,12.3
1576510937.33171,-56.5,-48.4,7.6
1576554140.42338,-54.5,-47.6,11.6
1576597341.60163,-56.7,-50.5,15.3
1576640544.37785,-57.6,-48.6,14.6
1576683745.76048,-57.3,-49.7,12.9
1576726950.10854,-57.4,-51,13.5
1576770150.99758,-57.3,-48.3,12.7
1576813356.0386,-57.2,-50.7,12.4
1576856559.85184,-55.8,-48.6,9.2
1576899768.47928,-101.5,-93.6,7.1
1576942969.42729,-83,-77.2,22.4
1576986175.82328,-83.5,-77.6,20.9
1577029382.4529,-83.2,-77.4,24.9
1577072588.29713,-85.4,-79.2,20.5
1577115789.40272,-82.1,-73.6,23.6
1577158996.78994,-80.4,-74.6,22.8
1577202200.06918,-80.9,-75.1,21.6
1577245400.99376,-80.7,-74.9,22.6
1577288605.50766,-82.6,-74.7,19.7
1577331813.00387,-81.4,-75.6,23
1577375014.95536,-81.8,-76,21.7
1577418219.35439,-81.1,-75.3,21.1
1577461423.30529,-81,-75.2,22.2
1577504627.09506,-81.5,-75.7,22.1
1577547834.02441,-81.4,-75.6,22.5
1577591039.60116,-81.3,-71.8,22.3
1577634241.24006,-84.2,-78.3,18
1577677448.05467,-82.1,-76.3,20.9
1577720654.12177,-88.6,-82.6,17.5
1577763858.35716,-87.5,-81.5,18.8
1577807065.64158,-88.7,-82.6,17.6
1577850270.97951,-88.9,-80.1,16
1577893474.63696,-88.5,-82.3,15.5
1577936675.91379,-86.7,-80.6,17.4
1577979880.42408,-87.2,-81.2,16.9
1578023083.04262,-88.1,-82,16.9
1578066284.35254,-86.4,-80.5,19
1578109488.92161,-87.2,-81.3,18.8
1578152694.08023,-85.1,-79.1,19.2
1578195899.39679,-88.1,-82,17.4
1578239102.9693,-70.9,-64.6,13.4
1578282309.47957,-67.8,-60.3,7.2
1578325518.3823,-75.1,-68,11.9
1578368723.09024,-72.6,-65.4,9.2
1578411923.31478,-71.5,-62.2,7.4
1578455127.43577,-64.5,-57.2,8.7
1578498330.42207,-64.9,-57.7,9.7
1578541536.44481,-64.2,-57,9
1578584745.17773,-64.4,-57.3,9.4
1578627950.74805,-65.2,-54.2,8.7
1578671152.33475,-63.2,-54.3,9.5
1578714358.14651,-60,-52.8,9
1578757558.85735,-58.9,-50.3,6
1578800764.44251,-61.1,-52.5,5.8
1578843966.5654,-61.3,-51.3,5.3
1578887172.36326,-56.6,-48.3,5.7
1578930377.29183,-62.9,-53.9,9.7
1578973585.44288,-63.5,-53.9,7.3
1579016786.26377,-62.9,-53.5,10.2
1579059986.41121,-62.1,-53.8,12
1579103191.84568,-60.9,-52.8,12.3
1579146392.84203,-62.3,-53.5,9.4
1579189600.98183,-56.7,-48.7,14.3
1579232806.8375,-57.8,-50,12.7
1579276010.93174,-57.3,-49.3,14.1
1579319218.4573,-53.9,NaN,NaN
1579362419.42109,-55.2,-48,16.5
1579405625.38103,-58.7,-48.1,14.9
1579448832.05551,-58.5,-50.1,11.7
1579492039.70275,-62.4,-53.3,11.3
1579535241.46624,-58.8,-50.6,12.4
1579578443.55441,-60.4,-51.1,12.3
1579621647.69182,-60.2,-53.5,13.6
1579664855.75499,-61.1,-53.2,11.4
1579708058.10739,-60.4,-53.1,12.2
1579751264.32809,-60.9,-53.1,11.9
1579794468.29627,-60.5,-53,12.7
1579837668.76396,-54.2,-47.5,19.5
1579880873.46206,-56.3,-49.8,16.9
1579924081.70179,-55.4,-48.2,16.7
1579967286.6479,-60.5,-53.1,13.2
1580010487.49708,-55.9,-48.8,15.3
1580053695.19288,-58.7,-49.6,15.1
1580096895.83445,-59.7,-49.5,10.3
1580140098.96423,-55.7,-48.5,17.2
1580183307.17044,-56.8,-48.6,15.9
1580226513.96694,-58.9,-50,11.8
1580269714.14314,-57.8,-49.5,14.1
1580312920.89446,-56.7,-48.9,16.1
1580356129.44286,-56.9,-48.7,12.7
1580399332.66057,-57.6,-49.6,14.1
1580442539.31634,-56.5,-48.7,15.9
1580485743.08526,-58.1,-50.6,14.4
1580528950.20579,-55.3,-48.6,18.7
1580572154.43533,-54.5,-47.9,18.6
1580615361.60022,-53.9,-47.2,18.8
1580658566.65323,-53.4,-47,17.7
1580701769.37346,-53.9,-47.4,19
1580744972.12796,-53.6,-44.1,22.2
1580788175.36457,-58.3,-47.4,20.4
1580831376.4079,-55.5,-48.7,18.7
1580874582.63097,-62.4,-50.7,8.6
1580917790.89603,-58.1,-50.8,15.5
1580960992.86459,-57.9,-50.6,15.8
1581004196.79833,-61.1,-49.6,6.9
1581047397.26769,-58.1,-48,16.1
1581090602.11757,-62,-52.2,10
1581133806.69075,-54.7,-48,14.2
1581177009.24589,-54.8,-48.1,15
1581220214.77064,-52.5,-46.3,19.4
1581263415.78952,-52.8,-46.6,17.8
1581306623.96901,-56.7,-49.4,15.1
1581349826.5624,-53.4,-46.9,17.3
1581393034.16148,-51.9,-45.7,20.2
1581436235.43758,-55,-47.7,16.4
1581479438.16008,-52.1,-45.9,21.9
1581522641.03515,-53.9,-46.7,15
1581565846.59165,-53.8,-46.6,17.8
1581609051.02345,-53.7,-46.6,16.6
1581652257.77123,-53.7,-46.5,15.6
1581695463.51084,-53.9,-46.8,16.4
1581738666.70282,-53.5,-43.8,20.4
1581781868.68888,-50.9,-44.7,20.8
1581825073.0247,-50.9,-41.8,22.6
1581868275.45483,-50.4,-44.2,21
1581911477.7291,-51.5,-45.2,20.5
1581954684.14921,-53.7,-45.3,13.2
1581997886.02405,-51.9,-44.7,16.6
1582041087.73061,-46.4,NaN,NaN
1582084289.62644,-56,-48.2,14.4
1582127495.00337,-52.8,-45,12.2
1582170697.90482,-53.2,-45.4,17.4
1582213903.85784,-53,-45.3,17.6
1582257107.68468,-53.2,-43.3,18.6
1582300308.87205,-52.9,-45.6,17.1
1582343515.25431,-57.9,-45.8,7.8
1582386723.36891,-56.3,-48.7,15.7
1582429925.2264,-52.5,-43.5,16.9
1582473126.74809,-55.9,-48.1,16.4
1582516326.82931,-54.6,-47.7,16.5
1582559528.37253,-53.1,-46.4,17.7
1582602734.57374,-60.3,-53.5,14
1582645942.37221,-58.9,-52.6,15.7
1582689144.35078,-60.3,-51.9,10.9
1582732347.98799,-58.7,-50.4,15.1
1582775556.92315,-57.7,-50.1,16.2
1582818762.05164,-57.8,-49.2,14.3
1582861966.3606,-57.5,-49.9,13.9
1582905174.801,-60.6,-50.2,10.9
1582948382.55376,-57.5,-50,15.4
1582991582.70704,-57.9,-50.3,14.9
1583034786.72895,-51.9,-45.6,18.7
1583077990.8191,-57.4,-50.3,15
1583121196.81957,-51.9,-45.7,18.8
1583164399.94908,-57,-49.7,15.2
1583207607.95246,-52.8,-46.3,19.1
1583250813.71297,-59.4,-51.9,12.5
1583294014.21967,-52.8,-46.3,18.2
1583337222.03303,-98.2,-90.6,7.1
1583380430.13717,-96.8,-90.2,11.4
1583423630.92822,-101.7,-92.9,4.8
1583466835.70958,-100.6,-91.4,5.6
1583510042.68663,-95.3,-88.5,9.6
1583553244.01115,-94.7,-87.9,10.4
1583596448.05369,-95.4,-88.7,10.2
1583639653.9857,-95.8,-88.8,9.7
1583682854.56258,-99,-92.1,10.6
1583726059.13355,-93.4,-86.1,8.9
1583769267.50816,-99.3,-88.3,1.7
1583812471.39619,-97.6,-89.2,5.8
1583855673.82208,-90.1,-83.2,9.4
1583898879.15996,-98.6,-86.6,3
1583942088.01637,-95.4,-86.1,9.2
1583985289.11199,-93.4,-86.3,9.1
1584028495.54149,-94,-86.8,8.9
1584071696.02474,-100.3,-90.8,4.3
1584114902.60798,-97.4,-88.9,5.7
1584158104.04683,-97.5,-89.6,7.5
1584201310.69574,-96.9,-87.8,4.5
1584244513.60983,-97.9,-86.4,6.1
1584287721.08982,-97.6,-89.5,6.8
